name,bbref_link,bbref_id,career_ppg,birth_location,birth_country,birth_state,birth_city,start_year,end_year,high_school_state,high_school_city,high_school_name,all_star_appearances,Location,Latitude,Longitude
Dominique Wilkins,/players/w/wilkido01.html,wilkido01,24.8,France,FR,,Paris,1983,1999,North Carolina,Washington,Washington,9
Guerschon Yabusele,/players/y/yabusgu01.html,yabusgu01,2.3,France,FR,,Dreux,2018,2019,,,,0
Damien Inglis,/players/i/inglida01.html,inglida01,1.8,French Guiana,GF,,Cayenne,2016,2016,,,,0
Kevin Séraphin,/players/s/serapke01.html,serapke01,5.9,French Guiana,GF,,Cayenne,2011,2017,,,,0
Stéphane Lasme,/players/l/lasmest01.html,lasmest01,5.2,Gabon,GA,,Port-Gentil,2008,2008,,,,0
Chris Silva,/players/s/silvach01.html,silvach01,2.9,Gabon,GA,,Libreville,2020,2020,New Jersey,Roselle,Roselle Catholic HS,0
Goga Bitadze,/players/b/bitadgo01.html,bitadgo01,3.1,Georgia,GE,,Sagarejo,2020,2020,,,,0
Zaza Pachulia,/players/p/pachuza01.html,pachuza01,6.8,Georgia,GE,,Tbilisi,2004,2019,,,,0
Tornike Shengelia,/players/s/shengto01.html,shengto01,1.3,Georgia,GE,,Tbilisi,2013,2014,,,,0
Vladimir Stepania,/players/s/stepavl01.html,stepavl01,4.1,Georgia,GE,,N/A,1999,2004,,,,0
Jake Tsakalidis,/players/t/tsakaja01.html,tsakaja01,4.8,Georgia,GE,,Rustavi,2001,2007,,,,0
Nikoloz Tskitishvili,/players/t/tskitni01.html,tskitni01,2.9,Georgia,GE,,Tbilisi,2003,2006,,,,0
Dalibor Bagarić,/players/b/bagarda01.html,bagarda01,2.6,Germany,DE,,Munich,2001,2003,,,,0
Uwe Blab,/players/b/blabuw01.html,blabuw01,2.1,Germany,DE,,Munich,1986,1990,Illinois,Effingham,Effingham,0
Isaac Bonga,/players/b/bongais01.html,bongais01,3.6,Germany,DE,,Neuwied,2019,2020,,,,0
Carlos Boozer,/players/b/boozeca01.html,boozeca01,16.2,Germany,DE,,Aschaffenburg,2003,2015,Alaska,Juneau,Juneau-Douglas,2
Shawn Bradley,/players/b/bradlsh01.html,bradlsh01,8.1,Germany,DE,,Landstuhl,1994,2005,Utah,Castle Dale,Emery County,0
John Brown,/players/b/brownjo01.html,brownjo01,7.4,Germany,DE,,Frankfurt,1974,1980,Missouri,Dixon,Dixon,0
Kenton Edelin,/players/e/edelike01.html,edelike01,1.1,Germany,DE,,Heidelburg,1985,1985,Virginia,Alexandria,Bayfield,0
Jo Jo English,/players/e/englijo01.html,englijo01,3.6,Germany,DE,,Frankfurt,1993,1995,South Carolina,Columbia,Lower Richland,0
Frido Frey,/players/f/freyfr01.html,freyfr01,3.8,Germany,DE,,N/A,1947,1947,New York,Brooklyn,New Utrecht,0
Donté Greene,/players/g/greendo01.html,greendo01,6.1,Germany,DE,,Munich,2009,2012,Maryland,Towson,Towson Catholic,0
Elias Harris,/players/h/harriel01.html,harriel01,0.0,Germany,DE,,Speyer,2014,2014,,,,0
Charlie Hoefer,/players/h/hoefech01.html,hoefech01,5.6,Germany,DE,,Frankfort,1947,1948,New York,Newtown,Newtown,0
Maxi Kleber,/players/k/klebima01.html,klebima01,7.1,Germany,DE,,Wurzburg,2018,2020,,,,0
Dirk Nowitzki,/players/n/nowitdi01.html,nowitdi01,20.7,Germany,DE,,Wurzburg,1999,2019,,,,14
Tim Ohlbrecht,/players/o/ohlbrti01.html,ohlbrti01,1.0,Germany,DE,,Wuppertal,2013,2013,,,,0
Tibor Pleiß,/players/p/pleisti01.html,pleisti01,2.0,Germany,DE,,Bergisch Gladbach,2016,2016,,,,0
Anthony Randolph,/players/r/randoan01.html,randoan01,7.1,Germany,DE,,Worzbach,2009,2014,Texas,Dallas,Woodrow Wilson,0
Detlef Schrempf,/players/s/schrede01.html,schrede01,13.9,Germany,DE,,Leverkusen,1986,2001,Washington,Centralia,Centralia,3
Dennis Schröder,/players/s/schrode01.html,schrode01,14.1,Germany,DE,,Braunschweig,2014,2020,,,,0
Daniel Theis,/players/t/theisda01.html,theisda01,6.7,Germany,DE,,Salzgitter,2018,2020,,,,0
Kiki Vandeweghe,/players/v/vandeki01.html,vandeki01,19.7,Germany,DE,,Wiesbaden,1981,1993,California,Pacific Palisades,Pacific Palisades,2
Moritz Wagner,/players/w/wagnemo01.html,wagnemo01,7.0,Germany,DE,,Berlin,2019,2020,,,,0
Duane Washington,/players/w/washidu01.html,washidu01,2.8,Germany,DE,,Eschwege,1988,1993,Arkansas,Little Rock,Parkview,0
Chris Welp,/players/w/welpch01.html,welpch01,3.3,Germany,DE,,Delmenhorst,1988,1990,Washington,Silverdale,Olympic,0
Paul Zipser,/players/z/zipsepa01.html,zipsepa01,4.7,Germany,DE,,Heidelberg,2017,2018,,,,0
Ben Bentil,/players/b/bentibe01.html,bentibe01,0.0,Ghana,GH,,N/A,2017,2017,Delaware,Middletown,St. Andrew's School,0
Giannis Antetokounmpo,/players/a/antetgi01.html,antetgi01,20.0,Greece,GR,,Athens,2014,2020,,,,4
Kostas Antetokounmpo,/players/a/antetko01.html,antetko01,0.4,Greece,GR,,Athens,2019,2020,Wisconsin,Whitefish Bay,Dominican HS,0
Thanasis Antetokounmpo,/players/a/antetth01.html,antetth01,2.6,Greece,GR,,Athens,2016,2020,,,,0
Antonis Fotsis,/players/f/fotsian01.html,fotsian01,3.9,Greece,GR,,Athens,2002,2002,,,,0
Andreas Glyniadakis,/players/g/glynian01.html,glynian01,1.3,Greece,GR,,Hania,2007,2007,,,,0
Georgios Papagiannis,/players/p/papagge01.html,papagge01,4.1,Greece,GR,,Amarousio,2017,2018,Pennsylvania,West Chester,Westtown,0
Kostas Papanikolaou,/players/p/papanko01.html,papanko01,3.6,Greece,GR,,Trikala,2015,2016,,,,0
Efthimi Rentzias,/players/r/rentzef01.html,rentzef01,1.5,Greece,GR,,Trikala,2003,2003,,,,0
Vassilis Spanoulis,/players/s/spanova01.html,spanova01,2.7,Greece,GR,,Larissa,2007,2007,,,,0
Rodrigue Beaubois,/players/b/beaubro01.html,beaubro01,7.1,Guadeloupe,GP,,Pointe-a-Pitre,2010,2013,,,,0
Mickaël Gelabale,/players/g/gelabmi01.html,gelabmi01,4.6,Guadeloupe,GP,,Pointe Noire,2007,2013,,,,0
Mickaël Piétrus,/players/p/pietrmi01.html,pietrmi01,8.3,Guadeloupe,GP,,Les Abymes,2004,2013,,,,0
Sekou Doumbouya,/players/d/doumbse01.html,doumbse01,6.4,Guinea,GN,,Conakry,2020,2020,,,,0
Rawle Marshall,/players/m/marshra01.html,marshra01,2.7,Guyana,GY,,Georgetown,2006,2007,Michigan,Detroit,Mackenzie,0
Jason Miskiri,/players/m/miskija01.html,miskija01,0.0,Guyana,GY,,Georgetown,2000,2000,Maryland,Silver Spring,Montgomery Blair,0
Samuel Dalembert,/players/d/dalemsa01.html,dalemsa01,7.7,Haiti,HT,,Port-Au-Prince,2002,2015,New Jersey,Elizabeth,Saint Patrick,0
Yvon Joseph,/players/j/josepyv01.html,josepyv01,2.0,Haiti,HT,,Cap-Haitian,1986,1986,,,,0
Skal Labissière,/players/l/labissk01.html,labissk01,7.2,Haiti,HT,,Port-au-Prince,2017,2020,Tennessee,Memphis,Lausanne Collegiate School,0
Olden Polynice,/players/p/polynol01.html,polynol01,7.8,Haiti,HT,,Port-au-Prince,1988,2004,New York,Bronx,All Hallows,0
Kornél Dávid,/players/d/davidko01.html,davidko01,5.0,Hungary,HU,,N/A,1999,2001,,,,0
Pétur Guðmundsson,/players/g/gudmupe01.html,gudmupe01,4.6,Iceland,IS,,Reykjavik,1982,1989,Washington,Mercer Island,Mercer Island,0
Pat Burke,/players/b/burkepa01.html,burkepa01,3.7,Ireland,IE,,Dublin,2003,2007,Florida,Cape Coral,Mariner,0
Hamed Haddadi,/players/h/haddaha01.html,haddaha01,2.2,Islamic Republic of Iran,IR,,Ahvaz,2009,2013,,,,0
Omri Casspi,/players/c/casspom01.html,casspom01,7.9,Israel,IL,,Holon,2010,2019,,,,0
T.J. Leaf,/players/l/leaftj01.html,leaftj01,3.3,Israel,IL,,Tel Aviv,2018,2020,California,El Cajon,Foothills Christian,0
Gal Mekel,/players/m/mekelga01.html,mekelga01,2.3,Israel,IL,,Petah Tikva,2014,2015,,,,0
Andrea Bargnani,/players/b/bargnan01.html,bargnan01,14.3,Italy,IT,,Rome,2007,2016,,,,0
Marco Belinelli,/players/b/belinma01.html,belinma01,9.7,Italy,IT,,San Giovanni in Persiceto,2008,2020,,,,0
Hank Biasatti,/players/b/biasaha01.html,biasaha01,1.0,Italy,IT,,Beano,1947,1947,,,,0
Luigi Datome,/players/d/datomlu01.html,datomlu01,3.4,Italy,IT,,Montebelluna,2014,2015,,,,0
Vincenzo Esposito,/players/e/esposvi01.html,esposvi01,3.9,Italy,IT,,Caserta,1996,1996,,,,0
Danilo Gallinari,/players/g/gallida01.html,gallida01,16.2,Italy,IT,,Sant'Angelo Lodigiano,2009,2020,,,,0
Reggie Jackson,/players/j/jacksre01.html,jacksre01,12.9,Italy,IT,,Pordenone,2012,2020,Colorado,Colorado Springs,Palmer,0
Nicolò Melli,/players/m/mellini01.html,mellini01,6.8,Italy,IT,,Reggio Emilia,2020,2020,,,,0
Stefano Rusconi,/players/r/ruscost01.html,ruscost01,1.1,Italy,IT,,Bassano del Grappa,1996,1996,,,,0
Patrick Ewing,/players/e/ewingpa01.html,ewingpa01,21.0,Jamaica,JM,,Kingston,1986,2002,Massachusetts,Cambridge,Cambridge Rindge & Latin,11
Omari Johnson,/players/j/johnsom01.html,johnsom01,5.5,Jamaica,JM,,Kingston,2018,2018,California,Los Angeles,Dorsey,0
Jerome Jordan,/players/j/jordaje01.html,jordaje01,2.8,Jamaica,JM,,Kingston,2012,2015,Florida,Melbourne,Florida Air Academy,0
Rumeal Robinson,/players/r/robinru01.html,robinru01,7.6,Jamaica,JM,,Mandeville,1991,1997,Massachusetts,Cambridge,Cambridge Rindge & Latin,0
Samardo Samuels,/players/s/samuesa01.html,samuesa01,5.9,Jamaica,JM,,Trelawny,2011,2013,New Jersey,Newark,Saint Benedict's Preparatory School,0
Wayne Sappleton,/players/s/sapplwa01.html,sapplwa01,2.9,Jamaica,JM,,Kingston,1985,1985,,,,0
Gary Voce,/players/v/vocega01.html,vocega01,2.0,Jamaica,JM,,N/A,1990,1990,New York,Bronx,Saint Nicholas of Tolentine,0
Rui Hachimura,/players/h/hachiru01.html,hachiru01,13.4,Japan,JP,,Toyama,2020,2020,,,,0
Yuta Tabuse,/players/t/tabusyu01.html,tabusyu01,1.8,Japan,JP,,Yokohama,2005,2005,,,,0
Yuta Watanabe,/players/w/watanyu01.html,watanyu01,2.2,Japan,JP,,Kagawa,2019,2020,Connecticut,Oakdale,St. Thomas More School,0
Dairis Bertāns,/players/b/bertada02.html,bertada02,2.8,Latvia,LV,,Valmiera,2019,2019,,,,0
Dāvis Bertāns,/players/b/bertada01.html,bertada01,8.0,Latvia,LV,,Valmiera,2017,2020,,,,0
Andris Biedriņš,/players/b/biedran01.html,biedran01,6.3,Latvia,LV,,Riga,2005,2014,,,,0
Rodions Kurucs,/players/k/kurucro01.html,kurucro01,6.8,Latvia,LV,,Cesis,2019,2020,,,,0
Anžejs Pasečņiks,/players/p/pasecan01.html,pasecan01,6.0,Latvia,LV,,Riga,2020,2020,,,,0
Kristaps Porziņģis,/players/p/porzikr01.html,porzikr01,18.1,Latvia,LV,,Liepaja,2016,2020,,,,1
Gundars Vētra,/players/v/vetragu01.html,vetragu01,3.5,Latvia,LV,,Ventspils,1993,1993,,,,0
Steve Kerr,/players/k/kerrst01.html,kerrst01,6.0,Lebanon,LB,,Beirut,1989,2003,California,Pacific Palisades,Pacific Palisades,0
Rony Seikaly,/players/s/seikaro01.html,seikaro01,14.7,Lebanon,LB,,Beirut,1989,1999,,,,0
Martynas Andriuškevičius,/players/a/andrima01.html,andrima01,0.0,Lithuania,LT,,Kaunas,2006,2006,,,,0
Ignas Brazdeikis,/players/b/brazdig01.html,brazdig01,1.9,Lithuania,LT,,Kaunas,2020,2020,,,,0
Zydrunas Ilgauskas,/players/i/ilgauzy01.html,ilgauzy01,13.0,Lithuania,LT,,Kaunas,1998,2011,,,,2
Šarūnas Jasikevičius,/players/j/jasiksa01.html,jasiksa01,6.8,Lithuania,LT,,Kaunas,2006,2007,Pennsylvania,Quarryville,Solanco,0
Linas Kleiza,/players/k/kleizli01.html,kleizli01,8.7,Lithuania,LT,,Kaunas,2006,2013,Maryland,Rockville,Montrose Christian School,0
Mindaugas Kuzminskas,/players/k/kuzmimi01.html,kuzmimi01,6.2,Lithuania,LT,,Vilnius,2017,2018,,,,0
Arvydas Macijauskas,/players/m/macijar01.html,macijar01,2.3,Lithuania,LT,,Klaipeda,2006,2006,,,,0
Šarūnas Marčiulionis,/players/m/marcisa01.html,marcisa01,12.8,Lithuania,LT,,Kaunas,1990,1997,,,,0
Donatas Motiejūnas,/players/m/motiedo01.html,motiedo01,7.3,Lithuania,LT,,Kaunas,2013,2019,,,,0
Arvydas Sabonis,/players/s/sabonar01.html,sabonar01,12.0,Lithuania,LT,,Kaunas,1996,2003,,,,0
Darius Songaila,/players/s/songada01.html,songada01,6.9,Lithuania,LT,,Marijampole,2004,2011,New Hampshire,New Hampton,New Hampton School,0
Jonas Valančiūnas,/players/v/valanjo01.html,valanjo01,12.4,Lithuania,LT,,Utena,2013,2020,,,,0
Alvin Jones,/players/j/jonesal01.html,jonesal01,1.1,Luxembourg,LU,,Luxembourg,2002,2002,Florida,Lakeland,Kathleen,0
Cheick Diallo,/players/d/diallch01.html,diallch01,5.3,Mali,ML,,Kayes,2017,2020,New York,Centereach,New American,0
Soumaila Samake,/players/s/samakso01.html,samakso01,1.4,Mali,ML,,Bougouni,2001,2003,,,,0
Ronny Turiaf,/players/t/turiaro01.html,turiaro01,4.7,Martinique,MQ,,Le Robert,2006,2015,,,,0
Gustavo Ayón,/players/a/ayongu01.html,ayongu01,4.7,Mexico,MX,,Tepic,2012,2014,,,,0
Jorge Gutiérrez,/players/g/gutiejo01.html,gutiejo01,2.9,Mexico,MX,,Chihuahua,2014,2016,Nevada,Henderson,Findlay Prep,0
Horacio Llamas Grey,/players/l/llamaho01.html,llamaho01,2.1,Mexico,MX,,El Rosario,1997,1998,,,,0
Eduardo Nájera,/players/n/najered01.html,najered01,4.9,Mexico,MX,,Meoqui,2001,2012,Texas,San Antonio,Cornerstone Christian Academy,0
Predrag Drobnjak,/players/d/drobnpr01.html,drobnpr01,7.9,Montenegro,ME,,Bijelo Polje,2002,2005,,,,0
Nikola Mirotić,/players/m/mirotni01.html,mirotni01,12.3,Montenegro,ME,,Podgorica,2015,2019,,,,0
Žarko Paspalj,/players/p/paspaza01.html,paspaza01,2.6,Montenegro,ME,,Pljevlja,1990,1990,,,,0
Sasha Pavlović,/players/p/pavloal01.html,pavloal01,4.9,Montenegro,ME,,Bar,2004,2013,,,,0
Nikola Peković,/players/p/pekovni01.html,pekovni01,12.6,Montenegro,ME,,Bijelo Polje,2011,2016,,,,0
Aleksandar Radojević,/players/r/radojal01.html,radojal01,1.7,Montenegro,ME,,Herceg Novi,2000,2005,,,,0
Mike Flynn,/players/f/flynnmi01.html,flynnmi01,6.2,Morocco,MA,,Casablanca,1976,1978,Indiana,Jeffersonville,Jeffersonville,0
Hank Beenders,/players/b/beendha01.html,beendha01,8.4,Netherlands,NL,,Haarlem,1947,1949,New Jersey,North Plainfield,North Plainfield,0
Francisco Elson,/players/e/elsonfr01.html,elsonfr01,3.7,Netherlands,NL,,Rotterdam,2004,2012,,,,0
Dan Gadzuric,/players/g/gadzuda01.html,gadzuda01,4.7,Netherlands,NL,,Den Haag,2003,2012,Massachusetts,Byfield,Governor Dummer Academy,0
Geert Hammink,/players/h/hammige01.html,hammige01,1.8,Netherlands,NL,,Didam,1994,1996,,,,0
Swen Nater,/players/n/natersw01.html,natersw01,12.4,Netherlands,NL,,Den Helder,1974,1984,California,Long Beach,Wilson,2
Rik Smits,/players/s/smitsri01.html,smitsri01,14.8,Netherlands,NL,,Eindhoven,1989,2000,,,,1
Steven Adams,/players/a/adamsst01.html,adamsst01,9.8,New Zealand,NZ,,Rotorua,2014,2020,Massachusetts,Fitchburg,Notre Dame Preparatory School,0
Aron Baynes,/players/b/baynear01.html,baynear01,6.0,New Zealand,NZ,,Gisborne,2013,2020,,,,0
Sean Marks,/players/m/marksse01.html,marksse01,2.8,New Zealand,NZ,,Auckland,1999,2011,,,,0
Kirk Penney,/players/p/penneki01.html,penneki01,0.8,New Zealand,NZ,,Auckland,2004,2005,,,,0
Solomon Alabi,/players/a/alabiso01.html,alabiso01,1.5,Nigeria,NG,,Kaduna,2011,2012,Florida,Montverde,Montverde Academy,0
Peter Aluma,/players/a/alumape01.html,alumape01,1.0,Nigeria,NG,,Lagos,1999,1999,,,,0
Yinka Dare,/players/d/dareyi01.html,dareyi01,2.1,Nigeria,NG,,Kano,1995,1998,Connecticut,Milford,Milford Academy,0
Obinna Ekezie,/players/e/ekeziob01.html,ekeziob01,3.6,Nigeria,NG,,Port Harcourt,2000,2005,Massachusetts,Worcester,Worcester Academy,0
Festus Ezeli,/players/e/ezelife01.html,ezelife01,4.2,Nigeria,NG,,Benin City,2013,2016,California,Sacramento,Jesuit,0
Julius Nwosu,/players/n/nwosuju01.html,nwosuju01,1.3,Nigeria,NG,,Nkwere,1995,1995,,,,0
Josh Okogie,/players/o/okogijo01.html,okogijo01,8.1,Nigeria,NG,,Lagos,2019,2020,Georgia,Snellville,Shiloh HS,0
Hakeem Olajuwon,/players/o/olajuha01.html,olajuha01,21.8,Nigeria,NG,,Lagos,1985,2002,,,,12
Michael Olowokandi,/players/o/olowomi01.html,olowomi01,8.3,Nigeria,NG,,Lagos,1999,2007,,,,0
Olumide Oyedeji,/players/o/oyedeol01.html,oyedeol01,1.4,Nigeria,NG,,Ibadan,2001,2003,,,,0
Torgeir Bryn,/players/b/brynto01.html,brynto01,1.3,Norway,NO,,Oslo,1990,1990,,,,0
Rolando Blackman,/players/b/blackro01.html,blackro01,18.0,Panama,PA,,Panama City,1982,1994,New York,Brooklyn,William E. Grady Career and Technical,4
Gary Forbes,/players/f/forbega01.html,forbega01,5.8,Panama,PA,,Colon,2011,2012,New York,Brooklyn,Benjamin Banneker Academy,0
Rubén Garcés,/players/g/garceru01.html,garceru01,1.2,Panama,PA,,Colon,2001,2001,,,,0
Stuart Gray,/players/g/grayst01.html,grayst01,2.3,Panama,PA,,Panama Canal Zone,1985,1991,California,Granada Hills,John F. Kennedy,0
Marcin Gortat,/players/g/gortama01.html,gortama01,9.9,Poland,PL,,Lodz,2008,2019,,,,0
Maciej Lampe,/players/l/lampema01.html,lampema01,3.4,Poland,PL,,Lodz,2004,2006,,,,0
Cezary Trybański,/players/t/trybace01.html,trybace01,0.7,Poland,PL,,Warsaw,2003,2004,,,,0
Carlos Arroyo,/players/a/arroyca01.html,arroyca01,6.6,Puerto Rico,PR,,Fajardo,2002,2011,,,,0
J.J. Barea,/players/b/bareajo01.html,bareajo01,8.9,Puerto Rico,PR,,Mayaguez,2007,2020,Florida,Miami,Miami Christian School,0
Gian Clavell,/players/c/clavegi01.html,clavegi01,2.9,Puerto Rico,PR,,Caguas,2018,2018,Florida,Hialeah Gardens,Hialeah Gardens,0
Guillermo Díaz,/players/d/diazgu01.html,diazgu01,0.8,Puerto Rico,PR,,San Juan,2008,2008,Florida,Miami,Miami Christian School,0
Butch Lee,/players/l/leebu01.html,leebu01,8.1,Puerto Rico,PR,,Santurce,1979,1980,New York,Bronx,DeWitt Clinton,0
José Ortiz,/players/o/ortizjo01.html,ortizjo01,2.9,Puerto Rico,PR,,Albonito,1989,1990,,,,0
Peter John Ramos,/players/r/ramospe01.html,ramospe01,1.8,Puerto Rico,PR,,Fajardo,2005,2005,,,,0
Ramón Rivas,/players/r/rivasra01.html,rivasra01,1.4,Puerto Rico,PR,,Carolina,1989,1989,,,,0
Ha Seung-Jin,/players/s/seungha01.html,seungha01,1.5,Republic of Korea,KR,,Seoul,2005,2006,,,,0
Pero Antić,/players/a/anticpe01.html,anticpe01,6.3,Republic of Macedonia,MK,,Skopje,2014,2015,,,,0
Cedi Osman,/players/o/osmande01.html,osmande01,9.6,Republic of Macedonia,MK,,Ohrid,2018,2020,,,,0
Serge Ibaka,/players/i/ibakase01.html,ibakase01,12.6,Republic of the Congo,CG,,Brazzaville,2010,2020,,,,0
Ernie Grunfeld,/players/g/grunfer01.html,grunfer01,7.4,Romania,RO,,Satu-Mare,1978,1986,New York,Forest Hills,Forest Hills,0
Gheorghe Mureșan,/players/m/muresgh01.html,muresgh01,9.8,Romania,RO,,Triteni,1994,2000,,,,0
Sergei Bazarevich,/players/b/bazarse01.html,bazarse01,3.0,Russian Federation,RU,,Moscow,1995,1995,,,,0
Sergey Karasev,/players/k/karasse01.html,karasse01,3.0,Russian Federation,RU,,St. Petersburg,2014,2016,,,,0
Sasha Kaun,/players/k/kaunsa01.html,kaunsa01,0.9,Russian Federation,RU,,Tomsk,2016,2016,Florida,Melbourne,Florida Air Academy,0
Andrei Kirilenko,/players/k/kirilan01.html,kirilan01,11.8,Russian Federation,RU,,Izhevsk,2002,2015,,,,1
Yaroslav Korolev,/players/k/korolya01.html,korolya01,1.1,Russian Federation,RU,,Moscow,2006,2007,,,,0
Johnny Macknowski,/players/m/macknjo01.html,macknjo01,7.0,Russian Federation,RU,,N/A,1950,1951,New Jersey,Jersey City,Lincoln,0
Sergei Monia,/players/m/moniase01.html,moniase01,3.0,Russian Federation,RU,,Saratov,2006,2006,,,,0
Timofey Mozgov,/players/m/mozgoti01.html,mozgoti01,6.8,Russian Federation,RU,,St. Petersburg,2011,2018,,,,0
Pavel Podkolzin,/players/p/podkopa01.html,podkopa01,0.7,Russian Federation,RU,,Novosibirsk,2005,2006,,,,0
Alexey Shved,/players/s/shvedal01.html,shvedal01,7.4,Russian Federation,RU,,Belgorod,2013,2015,,,,0
Alexander Volkov,/players/v/volkoal01.html,volkoal01,6.8,Russian Federation,RU,,Omsk,1990,1992,,,,0
Chris Boucher,/players/b/bouchch01.html,bouchch01,5.3,Saint Lucia,LC,,Castries,2018,2020,,,,0
Adonal Foyle,/players/f/foylead01.html,foylead01,4.1,Saint Vincent and the Grenadines,VC,,Canouan,1998,2009,New York,Hamilton,Hamilton Central,0
Gorgui Dieng,/players/d/dienggo01.html,dienggo01,7.9,Senegal,SN,,Kebemer,2014,2020,West Virginia,Huntington,Huntington St. Joseph Prep,0
DeSagana Diop,/players/d/diopde01.html,diopde01,2.0,Senegal,SN,,Dakar,2002,2013,Virginia,Mouth of Wilson,Oak Hill Academy,0
Tacko Fall,/players/f/fallta01.html,fallta01,3.2,Senegal,SN,,Dakar,2020,2020,Florida,Tavares,Liberty Christian Prep,0
Hamady N'Diaye,/players/n/ndiayha01.html,ndiayha01,0.6,Senegal,SN,,Dakar,2011,2014,California,Simi Valley,Stoneridge Preparatory School,0
Makhtar N'Diaye,/players/n/ndiayma01.html,ndiayma01,1.3,Senegal,SN,,Dakar,1999,1999,Virginia,Mouth of Wilson,Oak Hill Academy,0
Mamadou N'Diaye,/players/n/ndiayma02.html,ndiayma02,3.8,Senegal,SN,,Dakar,2001,2005,Maine,Pittsfield,Maine Central Institute,0
Boniface N'Dong,/players/n/ndongbo01.html,ndongbo01,2.2,Senegal,SN,,Dakar,2006,2006,,,,0
Maurice Ndour,/players/n/ndourma01.html,ndourma01,3.1,Senegal,SN,,Sindia,2017,2017,,,,0
Cheikh Samb,/players/s/sambch01.html,sambch01,1.0,Senegal,SN,,N/A,2008,2009,,,,0
Mouhamed Sene,/players/s/senesa01.html,senesa01,2.2,Senegal,SN,,Thies,2007,2009,,,,0
Pape Sow,/players/s/sowpa01.html,sowpa01,2.9,Senegal,SN,,Dakar,2005,2007,,,,0
Miloš Babić,/players/b/babicmi01.html,babicmi01,1.8,Serbia,RS,,Kraljevo,1991,1992,,,,0
Nemanja Bjelica,/players/b/bjeline01.html,bjeline01,8.0,Serbia,RS,,Belgrade,2016,2020,,,,0
Bogdan Bogdanović,/players/b/bogdabo01.html,bogdabo01,13.3,Serbia,RS,,Belgrade,2018,2020,,,,0
Žarko Čabarkapa,/players/c/cabarza01.html,cabarza01,4.3,Serbia,RS,,Zrenjanin,2004,2006,,,,0
Radisav Ćurčić,/players/c/curcira01.html,curcira01,2.9,Serbia,RS,,Cacak,1993,1993,,,,0
Rastko Cvetković,/players/c/cvetkra01.html,cvetkra01,0.7,Serbia,RS,,Belgrade,1996,1996,,,,0
Vlade Divac,/players/d/divacvl01.html,divacvl01,11.8,Serbia,RS,,Prijepolje,1990,2005,,,,1
Marko Guduric,/players/g/gudurma01.html,gudurma01,4.0,Serbia,RS,,Priboj,2020,2020,,,,0
Marko Jarić,/players/j/jaricma01.html,jaricma01,7.1,Serbia,RS,,Belgrade,2003,2009,,,,0
Nikola Jokić,/players/j/jokicni01.html,jokicni01,16.9,Serbia,RS,,Sombor,2016,2020,,,,2
Nenad Krstić,/players/k/krstine01.html,krstine01,10.0,Serbia,RS,,Kraljevo,2005,2011,,,,0
Boban Marjanović,/players/m/marjabo01.html,marjabo01,6.2,Serbia,RS,,Zajecar,2016,2020,,,,0
Darko Miličić,/players/m/milicda01.html,milicda01,6.0,Serbia,RS,,Novi Sad,2004,2013,,,,0
Nemanja Nedović,/players/n/nedovne01.html,nedovne01,1.1,Serbia,RS,,Nova Varos,2014,2014,,,,0
Miroslav Raduljica,/players/r/radulmi01.html,radulmi01,3.6,Serbia,RS,,Belgrade,2014,2015,,,,0
Igor Rakočević,/players/r/rakocig01.html,rakocig01,1.9,Serbia,RS,,Belgrade,2003,2003,,,,0
Željko Rebrača,/players/r/rebraze01.html,rebraze01,5.9,Serbia,RS,,Apatin,2002,2006,,,,0
Alen Smailagić,/players/s/smailal01.html,smailal01,4.2,Serbia,RS,,Belgrade,2020,2020,,,,0
Dragan Tarlać,/players/t/tarladr01.html,tarladr01,2.4,Serbia,RS,,Belgrade,2001,2001,,,,0
Miloš Teodosić,/players/t/teodomi01.html,teodomi01,8.0,Serbia,RS,,Valjevo,2018,2019,,,,0
Mirsad Türkcan,/players/t/turkcmi01.html,turkcmi01,1.9,Serbia,RS,,Novi Pazar,2000,2000,,,,0
Slavko Vraneš,/players/v/vranesl01.html,vranesl01,0.0,Serbia,RS,,Belgrade,2004,2004,,,,0
Aleksandar Đorđević,/players/d/djordal01.html,djordal01,3.1,Serbia,RS,,Belgrade,1997,1997,,,,0
Richard Petruška,/players/p/petruri01.html,petruri01,2.4,Slovakia,SK,,Levice,1994,1994,,,,0
Primož Brezec,/players/b/brezepr01.html,brezepr01,7.2,Slovenia,SI,,Postojna,2002,2010,,,,0
Vlatko Čančar,/players/c/cancavl01.html,cancavl01,1.2,Slovenia,SI,,Koper,2020,2020,,,,0
Luka Dončić,/players/d/doncilu01.html,doncilu01,24.4,Slovenia,SI,,Ljubljana,2019,2020,,,,1
Goran Dragić,/players/d/dragigo01.html,dragigo01,13.9,Slovenia,SI,,Ljubljana,2009,2020,,,,1
Zoran Dragić,/players/d/dragizo01.html,dragizo01,1.8,Slovenia,SI,,Ljubljana,2015,2015,,,,0
Marko Milič,/players/m/milicma01.html,milicma01,2.5,Slovenia,SI,,Kranj,1998,1999,,,,0
Boštjan Nachbar,/players/n/nachbbo01.html,nachbbo01,7.1,Slovenia,SI,,Slovenj Gradec,2003,2008,,,,0
Rasho Nesterović,/players/n/nestera01.html,nestera01,6.8,Slovenia,SI,,Ljubljana,1999,2010,,,,0
Uroš Slokar,/players/s/slokaur01.html,slokaur01,1.9,Slovenia,SI,,Ljubljana,2007,2007,,,,0
Beno Udrih,/players/u/udrihbe01.html,udrihbe01,8.4,Slovenia,SI,,Celje,2005,2017,,,,0
Sasha Vujačić,/players/v/vujacsa01.html,vujacsa01,5.3,Slovenia,SI,,Maribor,2005,2017,,,,0
Steve Nash,/players/n/nashst01.html,nashst01,14.3,South Africa,ZA,,Johannesburg,1997,2014,,,,8
Deng Adel,/players/a/adelde01.html,adelde01,1.7,South Sudan,SS,,Juba,2019,2019,Florida,Bradenton,Victoria Rock Prep HS,0
Manute Bol,/players/b/bolma01.html,bolma01,2.6,South Sudan,SS,,Gogrial,1986,1995,Ohio,Cleveland,Case Western Reserve English Language,0
Luol Deng,/players/d/denglu01.html,denglu01,14.8,South Sudan,SS,,Wau,2005,2019,New Jersey,Blairstown,Blair Academy,2
Deng Gai,/players/g/gaide01.html,gaide01,0.0,South Sudan,SS,,Wau,2006,2006,Connecticut,Milford,Milford Academy,0
Thon Maker,/players/m/makerth01.html,makerth01,4.7,South Sudan,SS,,Wau,2017,2020,,,,0
Álex Abrines,/players/a/abrinal01.html,abrinal01,5.3,Spain,ES,,Palma de Mallorca,2017,2019,,,,0
Wallace Bryant,/players/b/bryanwa01.html,bryanwa01,3.2,Spain,ES,,Madrid,1984,1986,Indiana,Gary,Emerson,0
José Calderón,/players/c/caldejo01.html,caldejo01,8.9,Spain,ES,,Villanueva de la Serena,2006,2019,,,,0
Victor Claver,/players/c/clavevi01.html,clavevi01,3.2,Spain,ES,,Valencia,2013,2015,,,,0
Rudy Fernández,/players/f/fernaru01.html,fernaru01,9.1,Spain,ES,,Palma de Mallorca,2009,2012,,,,0
Jorge Garbajosa,/players/g/garbajo01.html,garbajo01,8.0,Spain,ES,,Madrid,2007,2008,,,,0
Marc Gasol,/players/g/gasolma01.html,gasolma01,14.7,Spain,ES,,Barcelona,2009,2020,Tennessee,Memphis,Lausanne Collegiate School,3
Pau Gasol,/players/g/gasolpa01.html,gasolpa01,17.0,Spain,ES,,Barcelona,2002,2019,,,,6
Juan Hernangómez,/players/h/hernaju01.html,hernaju01,5.3,Spain,ES,,Madrid,2017,2020,,,,0
Willy Hernangómez,/players/h/hernawi01.html,hernawi01,6.9,Spain,ES,,Madrid,2017,2020,,,,0
Raül López,/players/l/lopezra01.html,lopezra01,6.5,Spain,ES,,Vic,2004,2005,,,,0
Fernando Martín,/players/m/martife01.html,martife01,0.9,Spain,ES,,Madrid,1987,1987,,,,0
Juan Carlos Navarro,/players/n/navarju01.html,navarju01,10.9,Spain,ES,,Sant Feliu de Llobregat,2008,2008,,,,0
Sergio Rodríguez,/players/r/rodrise01.html,rodrise01,4.9,Spain,ES,,Tenerife,2007,2017,,,,0
Ricky Rubio,/players/r/rubiori01.html,rubiori01,11.3,Spain,ES,,El Masnou,2012,2020,,,,0
Wally Szczerbiak,/players/s/szczewa02.html,szczewa02,14.1,Spain,ES,,Madrid,2000,2009,New York,Cold Spring Harbor,Cold Spring Harbor,1
Wenyen Gabriel,/players/g/gabriwe01.html,gabriwe01,2.1,Sudan,SD,,Khartoum,2020,2020,Massachusetts,Wilbraham,Wilbraham & Monson Academy,0
Jonas Jerebko,/players/j/jerebjo01.html,jerebjo01,6.2,Sweden,SE,,Kinna,2010,2019,,,,0
Miles Simon,/players/s/simonmi01.html,simonmi01,0.4,Sweden,SE,,Stockholm,1999,1999,California,Santa Ana,Mater Dei,0
Jeffery Taylor,/players/t/tayloje03.html,tayloje03,6.1,Sweden,SE,,Norrkoping,2013,2015,New Mexico,Hobbs,Hobbs,0
Clint Capela,/players/c/capelca01.html,capelca01,12.2,Switzerland,CH,,Geneva,2015,2020,,,,0
Enes Kanter,/players/k/kanteen01.html,kanteen01,11.6,Switzerland,CH,,Zurich,2012,2020,California,Simi Valley,Stoneridge Preparatory School,0
Thabo Sefolosha,/players/s/sefolth01.html,sefolth01,5.7,Switzerland,CH,,Vevey,2007,2020,,,,0
Nikola Vučević,/players/v/vucevni01.html,vucevni01,16.0,Switzerland,CH,,Morges,2012,2020,California,Simi Valley,Stoneridge Preparatory School,1
Joe Alexander,/players/a/alexajo01.html,alexajo01,4.2,Taiwan,TW,,Kaohsiung,2009,2010,Virginia,Chatham,Hargrave Military Academy,0
Ken Charles,/players/c/charlke01.html,charlke01,8.5,Trinidad and Tobago,TT,,N/A,1974,1978,New York,Brooklyn,Brooklyn Preparatory,0
Carl Herrera,/players/h/herreca01.html,herreca01,5.3,Trinidad and Tobago,TT,,Trinidad,1992,1999,,,,0
Salah Mejri,/players/m/mejrisa01.html,mejrisa01,3.4,Tunisia,TN,,Jendouba,2016,2019,,,,0
Furkan Aldemir,/players/a/aldemfu01.html,aldemfu01,2.3,Turkey,TR,,Konak,2015,2015,,,,0
Ömer Aşık,/players/a/asikom01.html,asikom01,5.3,Turkey,TR,,Bursa,2011,2018,,,,0
Semih Erden,/players/e/erdense01.html,erdense01,3.8,Turkey,TR,,Istanbul,2011,2012,,,,0
Ersan İlyasova,/players/i/ilyaser01.html,ilyaser01,10.3,Turkey,TR,,Eskisehir,2007,2020,,,,0
Furkan Korkmaz,/players/k/korkmfu01.html,korkmfu01,7.3,Turkey,TR,,Istanbul,2018,2020,,,,0
Ibo Kutluay,/players/k/kutluib01.html,kutluib01,0.0,Turkey,TR,,Istanbul,2005,2005,,,,0
Mehmet Okur,/players/o/okurme01.html,okurme01,13.5,Turkey,TR,,Yalova,2003,2012,,,,1
Hedo Türkoğlu,/players/t/turkohe01.html,turkohe01,11.1,Turkey,TR,,Istanbul,2001,2015,,,,0
Raja Bell,/players/b/bellra01.html,bellra01,9.9,U.S. Virgin Islands,VI,,St. Croix,2001,2012,Florida,Miami,Killian,0
Charles Claxton,/players/c/claxtch01.html,claxtch01,0.7,U.S. Virgin Islands,VI,,St. Thomas,1996,1996,Florida,Miami,Miami Carol City,0
Tim Duncan,/players/d/duncati01.html,duncati01,19.0,U.S. Virgin Islands,VI,,St. Croix,1998,2016,,,,15
Joel Bolomboy,/players/b/bolomjo01.html,bolomjo01,1.7,Ukraine,UA,,Kiev,2017,2018,Texas,Fort Worth,Keller Central,0
Kyrylo Fesenko,/players/f/fesenky01.html,fesenky01,2.3,Ukraine,UA,,Dnepropetrovsk,2008,2012,,,,0
Viktor Khryapa,/players/k/khryavi01.html,khryavi01,4.5,Ukraine,UA,,Kiev,2005,2008,,,,0
Viacheslav Kravtsov,/players/k/kravtvi01.html,kravtvi01,2.2,Ukraine,UA,,Odessa,2013,2014,,,,0
Alex Len,/players/l/lenal01.html,lenal01,8.0,Ukraine,UA,,Antratsit,2014,2020,,,,0
Stanislav Medvedenko,/players/m/medvest01.html,medvest01,5.3,Ukraine,UA,,Karapyshi,2001,2007,,,,0
Sviatoslav Mykhailiuk,/players/m/mykhasv01.html,mykhasv01,6.5,Ukraine,UA,,Cherkasy,2019,2020,,,,0
Oleksiy Pecherov,/players/p/pecheol01.html,pecheol01,3.9,Ukraine,UA,,Donetsk,2008,2010,,,,0
Vitaly Potapenko,/players/p/potapvi01.html,potapvi01,6.5,Ukraine,UA,,Kiev,1997,2007,,,,0
OG Anunoby,/players/a/anunoog01.html,anunoog01,7.8,United Kingdom,GB,,London,2018,2020,Missouri,Jefferson City,Jefferson City,0
Robert Archibald,/players/a/archiro01.html,archiro01,1.2,United Kingdom,GB,,Paisley,2003,2004,Missouri,Ballwin,Lafayette,0
Kelenna Azubuike,/players/a/azubuke01.html,azubuke01,10.5,United Kingdom,GB,,London,2007,2012,Oklahoma,Tulsa,Victory Christian,0
Steve Bucknall,/players/b/bucknst01.html,bucknst01,1.3,United Kingdom,GB,,London,1990,1990,Massachusetts,Byfield,Governor Dummer Academy,0
James Donaldson,/players/d/donalja01.html,donalja01,8.6,United Kingdom,GB,,Heacham,1981,1995,California,Sacramento,Luther Burbank,1
Ndudi Ebi,/players/e/ebind01.html,ebind01,2.1,United Kingdom,GB,,London,2004,2005,Texas,Houston,Westbury Christian School,0
Joel Freeland,/players/f/freeljo01.html,freeljo01,3.2,United Kingdom,GB,,Farnham,2013,2015,,,,0
Ben Gordon,/players/g/gordobe01.html,gordobe01,14.9,United Kingdom,GB,,London,2005,2015,New York,Mount Vernon,Mount Vernon,0
Woody Grimshaw,/players/g/grimswo01.html,grimswo01,2.9,United Kingdom,GB,,N/A,1947,1947,Massachusetts,Franklin,Dean Academy,0
Chris Harris,/players/h/harrich01.html,harrich01,2.5,United Kingdom,GB,,Southampton,1956,1956,,,,0
Pops Mensah-Bonsu,/players/m/mensapo01.html,mensapo01,3.0,United Kingdom,GB,,London,2007,2011,New Jersey,Richland,Saint Augustine College Preparatory School,0
Admiral Schofield,/players/s/schofad01.html,schofad01,3.1,United Kingdom,GB,,London,2020,2020,Illinois,Zion,Zion-Benton Township,0
Hasheem Thabeet,/players/t/thabeha01.html,thabeha01,2.2,United Republic of Tanzania,TZ,,Dar es Salaam,2010,2014,,,,0
Esteban Batista,/players/b/batises01.html,batises01,1.7,Uruguay,UY,,Montevideo,2006,2007,,,,0
Óscar Torres,/players/t/torreos01.html,torreos01,5.4,Venezuela,VE,,Caracas,2002,2003,,,,0
Greivis Vásquez,/players/v/vasqugr01.html,vasqugr01,9.0,Venezuela,VE,,Caracas,2011,2017,Maryland,Rockville,Montrose Christian School,0
